AP_CLASS_ATTENDANCE,CREATED_BY
AP_CLASS_ATTENDANCE,CREATED_ON
AP_CLASS_ATTENDANCE,SESSION_ID
AP_CLASS_ATTENDANCE,SIGNUP_ID
AP_CLASS_ATTENDANCE,UPDATED_BY
AP_CLASS_ATTENDANCE,UPDATED_ON
AP_CLASS_FORMATS,CREATED_BY
AP_CLASS_FORMATS,CREATED_ON
AP_CLASS_FORMATS,UPDATED_BY
AP_CLASS_FORMATS,UPDATED_ON
AP_CLASS_INSTANCES,CREATED_ON
AP_CLASS_INSTANCES,UPDATED_ON
AP_CLASS_SESSIONS,CREATED_ON
AP_CLASS_SESSIONS,UPDATED_ON
AP_CLASS_SIGNUPS,CREATED_ON
AP_CLASS_SIGNUPS,UPDATED_ON
AP_CLASS_TYPES,CREATED_BY
AP_CLASS_TYPES,CREATED_ON
AP_CLASS_TYPES,DESC_LONG
AP_CLASS_TYPES,UPDATED_BY
AP_CLASS_TYPES,UPDATED_ON
AP_CLASS_WL_RESULTS,CREATED_ON
AP_CLASS_WL_RESULTS,FO_ALERT_DATETIME
AP_CLASS_WL_RESULTS,OFFER_EXP_DATETIME
AP_CLASS_WL_RESULTS,UPDATED_ON
BOATS_RATINGS,BOAT_ID
BOATS_RATINGS,CREATED_BY
BOATS_RATINGS,CREATED_ON
BOATS_RATINGS,FLAG
BOATS_RATINGS,PROGRAM_ID
BOATS_RATINGS,RATING_ID
BOATS_RATINGS,UPDATED_BY
BOATS_RATINGS,UPDATED_ON
BOAT_TYPES,BOAT_NAME
BOAT_TYPES,CREATED_BY
BOAT_TYPES,CREATED_ON
BOAT_TYPES,DISPLAY_ORDER
BOAT_TYPES,MAX_CREW
BOAT_TYPES,MIN_CREW
BOAT_TYPES,UPDATED_BY
BOAT_TYPES,UPDATED_ON
BUDGET_ITEMS,DISPLAY_ORDER
CARD_DEFINITIONS,CARD_NUMBER
CARD_DEFINITIONS,TYPE_ID
CARD_DEFINITION_TYPES,TYPE_NAME
CARD_DISMISSALS,CARD_ASSIGN_ID
CARD_DISMISSALS,CREATED_BY
CARD_DISMISSALS,CREATED_ON
CARD_DISMISSALS,SEASON
CARD_DISMISSALS,UPDATED_BY
CARD_DISMISSALS,UPDATED_ON
CC_LOG,CREATED_BY
CC_LOG,CREATED_ON
CC_LOG,UPDATED_BY
CC_LOG,UPDATED_ON
CLASS_INSTRUCTORS,NAME_FIRST
CLASS_INSTRUCTORS,NAME_LAST
CLASS_LOCATIONS,ACTIVE
CLASS_LOCATIONS,LOCATION_NAME
COMMENTS_COLUMNS,COLUMN_NAME
COMMENTS_TABLES,TABLE_NAME
CONST_CONT_2014_06_23,CREATED_AT
CONST_CONT_2014_06_23,UPDATED_AT
COUNTRIES,ABBREV
COUNTRIES,COUNTRY_NAME
DAMAGE_WAIVERS,CREATED_ON
DAMAGE_WAIVERS,PURCHASE_DATE
DAMAGE_WAIVERS,START_DATE
DAMAGE_WAIVERS,UPDATED_ON
DH_GLOBALS,ALIAS
DH_GLOBALS,DESCRIPTION
DISCOUNT_CATEGORIES,CATEGORY_NAME
DISCOUNT_CODES,NAME
DISCOUNT_INSTANCE_LEVELS,CREATED_BY
DISCOUNT_INSTANCE_LEVELS,CREATED_ON
DISCOUNT_INSTANCE_LEVELS,UPDATED_BY
DISCOUNT_INSTANCE_LEVELS,UPDATED_ON
DISCOUNT_MAPPING,INSTANCE_ID
DOCK_REPORTS,REPORT_DATE
DOCK_REPORT_AP_CLASSES,AP_INSTANCE_ID
DOCK_REPORT_AP_CLASSES,CLASS_DATETIME
DOCK_REPORT_AP_CLASSES,CLASS_NAME
DOCK_REPORT_HULL_COUNTS,HULL_TYPE
DOCK_REPORT_STAFF,DOCKMASTER_ON_DUTY
DOCK_REPORT_STAFF,STAFF_NAME
DOCK_REPORT_UAP_APPTS,APPT_DATETIME
DOCK_REPORT_UAP_APPTS,APPT_TYPE
DOCK_REPORT_WEATHER,WEATHER_DATETIME
DONATIONS,DONATION_DATE
DONATIONS,PERSON_ID
DONATION_FUNDS,CREATED_BY
DONATION_FUNDS,CREATED_ON
DONATION_FUNDS,FUND_NAME
DONATION_FUNDS,UPDATED_BY
DONATION_FUNDS,UPDATED_ON
DONATION_INITIATIVES,CREATED_BY
DONATION_INITIATIVES,CREATED_ON
DONATION_INITIATIVES,INITIATIVE_NAME
DONATION_INITIATIVES,UPDATED_BY
DONATION_INITIATIVES,UPDATED_ON
DONATION_SUGGESTIONS,AMOUNT
DONATION_SUGGESTIONS,CREATED_BY
DONATION_SUGGESTIONS,CREATED_ON
DONATION_SUGGESTIONS,UPDATED_BY
DONATION_SUGGESTIONS,UPDATED_ON
DUPL_ACTION_PREVENTION_RECORDS,CATEGORY
DUPL_ACTION_PREVENTION_RECORDS,DATETIME
DUPL_ACTION_PREVENTION_RECORDS,KEY
DUPL_ACTION_PREVENTION_RECORDS,STATUS
DUPL_ACTION_PREVENTION_RECORDS,SUBJECT_ID
DUPL_ACTION_PREVENTION_RECORDS,SUBJECT_SCHEMA
EII,ANNUAL_TOTAL
EII,ANNUAL_TOTAL_TEMP
EII,BENEFITS
EII,CHILDRENS_EDUCATION_TRAINING
EII,CHILD_CARE
EII,DESC_1
EII,FOOD
EII,HEALTHCARE
EII,HOMEOWNERSHIP
EII,HOURLY_WAGE
EII,HOUSING
EII,INFANT_CT
EII,MONTHLY_TOTAL
EII,MONTHLY_TOTAL_TEMP
EII,PERSONAL_HOUSEHOLD_NEEDS
EII,PRECAUTIONARY
EII,PRESCHOOLER_CT
EII,RETIREMENT
EII,SCHOOLAGE_CT
EII,TAXES
EII,TAX_CREDITS
EII,TEENAGE_CT
EII,TRANSPORTATION
EII,UTILITIES
EII,WORKER_CT
EII_MIT,ADULTS
EII_MIT,CHILDREN
EII_MIT,EII
EII_MIT,GENERATION
EII_MIT,NONWORKING_ADULTS
EII_OVERRIDES,CREATED_BY
EII_OVERRIDES,CREATED_ON
EII_OVERRIDES,PERSON_ID
EII_OVERRIDES,PRICE
EII_OVERRIDES,SEASON
EII_OVERRIDES,UPDATED_BY
EII_OVERRIDES,UPDATED_ON
EII_RESPONSES,COMPUTED_PRICE
EII_RESPONSES,CREATED_ON
EII_RESPONSES,IS_APPLYING
EII_RESPONSES,UPDATED_ON
EMAIL_CONTENT,CREATED_ON
EMAIL_CONTENT,EMAIL_GROUP_ID
EMAIL_CONTENT,FROM_ADDR
EMAIL_CONTENT,SUBJECT
EMAIL_CONTENT,UPDATED_BY
EMAIL_CONTENT,UPDATED_ON
EMAIL_CONTENT_GROUPS,CREATED_BY
EMAIL_CONTENT_GROUPS,CREATED_ON
EMAIL_CONTENT_GROUPS,GROUP_NAME
EMAIL_CONTENT_GROUPS,UPDATED_BY
EMAIL_CONTENT_GROUPS,UPDATED_ON
EMAIL_TRACKING,CREATED_ON
EMAIL_TRACKING,EMAIL_FROM
EMAIL_TRACKING,EMAIL_SUBJ
EMAIL_TRACKING,EMAIL_TO
EMAIL_TRACKING,UPDATED_ON
EVENTS,CREATED_ON
EVENTS,EVENT_NAME
EVENTS,UPDATED_ON
FEEDBACK,APP_ALIAS
FEEDBACK,APP_ID
FEEDBACK,APP_PAGE_ID
FEEDBACK,CREATED_BY
FEEDBACK,CREATED_ON
FEEDBACK,UPDATED_BY
FEEDBACK,UPDATED_ON
FEEDBACK,USER_NAME
FLAGS_GLOBALS,GLOBAL_VALUE
FO_APPLIED_GC,CERT_ID
FO_APPLIED_GC,CLOSE_ID
FO_APPLIED_GC,CREATED_ON
FO_APPLIED_GC,UPDATED_ON
FO_APPLIED_GC,VALUE
FO_AR,CREATED_ON
FO_AR,UPDATED_ON
FO_AR_SOURCES,DISPLAY_ORDER
FO_CASH,CREATED_BY
FO_CASH,CREATED_ON
FO_CASH,UPDATED_BY
FO_CASH,UPDATED_ON
FO_CASH_LOCATIONS,LOCATION_NAME_LONG
FO_CHECKS,CREATED_BY
FO_CHECKS,CREATED_ON
FO_CHECKS,UPDATED_BY
FO_CHECKS,UPDATED_ON
FO_CLOSES,CREATED_BY
FO_CLOSES,CREATED_ON
FO_CLOSES,UPDATED_BY
FO_CLOSES,UPDATED_ON
FO_ITEMS,CLOSE_ID
FO_ITEMS,CREATED_BY
FO_ITEMS,CREATED_ON
FO_ITEMS,DISCOUNTS_TOTAL
FO_ITEMS,ITEM_ID
FO_ITEMS,QTY_COMPED
FO_ITEMS,QTY_SOLD
FO_ITEMS,UNIT_PRICE
FO_ITEMS,UPDATED_BY
FO_ITEMS,UPDATED_ON
FO_ITEMS_LOOKUP,CATEGORY_ID
FO_ITEMS_LOOKUP,DISPLAY_ORDER
FO_ITEMS_LOOKUP,ITEM_NAME
FO_ITEMS_LOOKUP,UPDATED_BY
FO_ITEMS_LOOKUP,UPDATED_ON
FO_ITEM_CATEGORIES,CATEGORY_NAME
FO_ITEM_CATEGORIES,CREATED_BY
FO_ITEM_CATEGORIES,CREATED_ON
FO_ITEM_CATEGORIES,UPDATED_BY
FO_ITEM_CATEGORIES,UPDATED_ON
FO_ITEM_TYPES,CLOSE_ID
FO_ITEM_TYPES,CREATED_BY
FO_ITEM_TYPES,CREATED_ON
FO_ITEM_TYPES,DISCOUNTS_TOTAL
FO_ITEM_TYPES,QTY_COMPED
FO_ITEM_TYPES,QTY_SOLD
FO_ITEM_TYPES,TYPE_ID
FO_ITEM_TYPES,UNIT_PRICE
FO_ITEM_TYPES,UPDATED_BY
FO_ITEM_TYPES,UPDATED_ON
FO_ITEM_TYPES_LOOKUP,DESCRIPTION
FO_ITEM_TYPES_LOOKUP,DISPLAY_ORDER
FO_ITEM_TYPES_LOOKUP,ITEM_ID
FO_MISC,CLOSE_ID
FO_MISC,CREATED_BY
FO_MISC,CREATED_ON
FO_MISC,ITEM_ID
FO_MISC,QTY_COMPED
FO_MISC,QTY_SOLD
FO_MISC,TOTAL_COMP
FO_MISC,TOTAL_PRICE
FO_MISC,UPDATED_BY
FO_MISC,UPDATED_ON
FO_MISC_LOOKUP,DISPLAY_ORDER
FO_MISC_LOOKUP,ITEM_NAME
FO_MISC_LOOKUP,UPDATED_BY
FO_MISC_LOOKUP,UPDATED_ON
FO_PARKING,CREATED_BY
FO_PARKING,CREATED_ON
FO_PARKING,UPDATED_BY
FO_PARKING,UPDATED_ON
FO_REG_CODES,UPDATED_ON
GIFT_CERTIFICATES,CREATED_ON
GIFT_CERTIFICATES,UPDATED_ON
GIFT_CERT_PURCHASES,CREATED_ON
GIFT_CERT_PURCHASES,PURCHASER_ID
GIFT_CERT_PURCHASES,PURCHASE_DATE
GIFT_CERT_PURCHASES,PURCHASE_PRICE
GIFT_CERT_PURCHASES,RECIPIENT_NAME_FIRST
GIFT_CERT_PURCHASES,RECIPIENT_NAME_LAST
GIFT_CERT_PURCHASES,UPDATED_ON
GIFT_CERT_STATES,CERT_ID
GIFT_CERT_STATES,CREATED_ON
GIFT_CERT_STATES,STATE_DATE
GIFT_CERT_STATES,UPDATED_ON
GLOBAL_CONSTANTS_VALUES,CONSTANT_ID
GLOBAL_CONSTANTS_VALUES,EFFECTIVE_DATETIME
GLOBAL_CONSTANT_DATA_TYPES,TYPE_NAME
GUEST_PRIVS,CREATED_ON
GUEST_PRIVS,PRICE
GUEST_PRIVS,PURCHASE_DATE
GUEST_PRIVS,START_DATE
GUEST_PRIVS,UPDATED_ON
HIGH_SCHOOLS,CREATED_BY
HIGH_SCHOOLS,CREATED_ON
HIGH_SCHOOLS,SCHOOL_NAME
HIGH_SCHOOLS,UPDATED_BY
HIGH_SCHOOLS,UPDATED_ON
HIGH_SCHOOL_FEES,AMOUNT
HIGH_SCHOOL_FEES,CLOSE_ID
HIGH_SCHOOL_PAYMENTS,CHECK_ID
INCOME_LEVELS,CREATED_BY
INCOME_LEVELS,CREATED_ON
INCOME_LEVELS,UPDATED_BY
INCOME_LEVELS,UPDATED_ON
INSTRUCTION_QUEUE,ADDED_DATETIME
INSTRUCTION_QUEUE,CREATED_BY
INSTRUCTION_QUEUE,CREATED_ON
INSTRUCTION_QUEUE,QUEUE_ORDER
INSTRUCTION_QUEUE,UPDATED_BY
INSTRUCTION_QUEUE,UPDATED_ON
JPC_INSTANCES_DISCOUNTS,UPDATED_BY
JPC_INSTANCES_DISCOUNTS,UPDATED_ON
JP_CLASS_INSTANCES,CREATED_ON
JP_CLASS_INSTANCES,UPDATED_ON
JP_CLASS_SECTIONS,CREATED_BY
JP_CLASS_SECTIONS,CREATED_ON
JP_CLASS_SECTIONS,INSTANCE_ID
JP_CLASS_SECTIONS,LOOKUP_ID
JP_CLASS_SECTIONS,UPDATED_BY
JP_CLASS_SECTIONS,UPDATED_ON
JP_CLASS_SECTION_LOOKUP,CREATED_BY
JP_CLASS_SECTION_LOOKUP,CREATED_ON
JP_CLASS_SECTION_LOOKUP,DISPLAY_ORDER
JP_CLASS_SECTION_LOOKUP,SECTION_NAME
JP_CLASS_SECTION_LOOKUP,SVG_URL
JP_CLASS_SECTION_LOOKUP,UPDATED_BY
JP_CLASS_SECTION_LOOKUP,UPDATED_ON
JP_CLASS_SESSIONS,CREATED_ON
JP_CLASS_SESSIONS,UPDATED_ON
JP_CLASS_SIGNUPS,CREATED_ON
JP_CLASS_SIGNUPS,SEQUENCE
JP_CLASS_SIGNUPS,SIGNUP_DATETIME
JP_CLASS_SIGNUPS,SIGNUP_TYPE
JP_CLASS_SIGNUPS,UPDATED_ON
JP_CLASS_SIGNUPS_SKILLS,CHANGED_DATETIME
JP_CLASS_SIGNUPS_SKILLS,CREATED_BY
JP_CLASS_SIGNUPS_SKILLS,CREATED_ON
JP_CLASS_SIGNUPS_SKILLS,SIGNUP_ID
JP_CLASS_SIGNUPS_SKILLS,SKILL_ID
JP_CLASS_SIGNUPS_SKILLS,UPDATED_BY
JP_CLASS_SIGNUPS_SKILLS,UPDATED_ON
JP_CLASS_SKILLS,ASSESSMENT
JP_CLASS_SKILLS,CREATED_BY
JP_CLASS_SKILLS,CREATED_ON
JP_CLASS_SKILLS,DISPLAY_ORDER
JP_CLASS_SKILLS,TYPE_ID
JP_CLASS_SKILLS,UPDATED_BY
JP_CLASS_SKILLS,UPDATED_ON
JP_CLASS_SKILLS_RATINGS,CREATED_BY
JP_CLASS_SKILLS_RATINGS,CREATED_ON
JP_CLASS_SKILLS_RATINGS,UPDATED_BY
JP_CLASS_SKILLS_RATINGS,UPDATED_ON
JP_CLASS_STAGGERS,CREATED_ON
JP_CLASS_STAGGERS,UPDATED_ON
JP_CLASS_TYPES,CREATED_ON
JP_CLASS_TYPES,MIN_SESSIONS_FOR_ATTENDED
JP_CLASS_TYPES,SESSION_CT
JP_CLASS_TYPES,SESSION_LENGTH
JP_CLASS_TYPES,SIGNUP_MAX
JP_CLASS_TYPES,TYPE_NAME
JP_CLASS_TYPES,UPDATED_BY
JP_CLASS_TYPES,UPDATED_ON
JP_CLASS_TYPE_OVERRIDES,CREATED_BY
JP_CLASS_TYPE_OVERRIDES,CREATED_ON
JP_CLASS_TYPE_OVERRIDES,UPDATED_BY
JP_CLASS_TYPE_OVERRIDES,UPDATED_ON
JP_CLASS_WL_RESULTS,CREATED_ON
JP_CLASS_WL_RESULTS,UPDATED_ON
JP_CLOSURES,CREATED_ON
JP_CLOSURES,UPDATED_ON
JP_GROUPS,CREATED_BY
JP_GROUPS,CREATED_ON
JP_GROUPS,GROUP_NAME
JP_GROUPS,UPDATED_BY
JP_GROUPS,UPDATED_ON
JP_NO_SWIM,CARD_NUM
JP_NO_SWIM,CREATED_ON
JP_NO_SWIM,UPDATED_ON
JP_RATINGS_GRANTED,CREATED_ON
JP_RATINGS_GRANTED,UPDATED_ON
JP_REPL_MAPPING,CREATED_ON
JP_REPL_MAPPING,UPDATED_ON
JP_SPECIAL_NEEDS,CREATED_ON
JP_SPECIAL_NEEDS,UPDATED_ON
JP_SPRING_WAITLIST,CREATED_BY
JP_SPRING_WAITLIST,CREATED_ON
JP_SPRING_WAITLIST,UPDATED_BY
JP_SPRING_WAITLIST,UPDATED_ON
JP_TEAMS,IMAGE_FILENAME
JP_TEAMS,TEAM_NAME
JP_TEAM_EVENTS,AWARDED_DATE
JP_TEAM_EVENT_POINTS,EVENT_ID
JP_TEAM_EVENT_POINTS,POINTS
JP_TEAM_EVENT_POINTS,TEAM_ID
JP_WEATHER,CREATED_ON
JP_WEATHER,UPDATED_ON
LANGUAGES,LANGUAGE_NAME
MEMBERSHIPS_DISCOUNTS,INSTANCE_ID
MEMBERSHIP_PRICES,MEMBERSHIP_TYPE_ID
MEMBERSHIP_PRICES,PRICE
MEMBERSHIP_TYPES,CREATED_BY
MEMBERSHIP_TYPES,CREATED_ON
MEMBERSHIP_TYPES,EXPIRATION_TYPE
MEMBERSHIP_TYPES,MEMBERSHIP_TYPE_NAME
MEMBERSHIP_TYPES,PROGRAM_ID
MEMBERSHIP_TYPES,UPDATED_BY
MEMBERSHIP_TYPES,UPDATED_ON
MEMBERSHIP_TYPE_DISCOUNTS,CREATED_BY
MEMBERSHIP_TYPE_DISCOUNTS,CREATED_ON
MEMBERSHIP_TYPE_DISCOUNTS,DESCRIPTION
MEMBERSHIP_TYPE_DISCOUNTS,UPDATED_BY
MEMBERSHIP_TYPE_DISCOUNTS,UPDATED_ON
MEMBERSHIP_TYPE_EXP,CREATED_BY
MEMBERSHIP_TYPE_EXP,CREATED_ON
MEMBERSHIP_TYPE_EXP,UPDATED_BY
MEMBERSHIP_TYPE_EXP,UPDATED_ON
MEM_TYPES_ALLOWED_RATINGS,MEMBERSHIP_TYPE_ID
MEM_TYPES_ALLOWED_RATINGS,RATING_ID
MERGE_HISTORY,COLUMN_NAME
MERGE_HISTORY,CREATED_ON
MERGE_HISTORY,NEW_ID
MERGE_HISTORY,OLD_ID
MERGE_HISTORY,TABLE_NAME
MERGE_HISTORY,UPDATED_ON
OPT_OUT_GROUPS,CREATED_BY
OPT_OUT_GROUPS,CREATED_ON
OPT_OUT_GROUPS,GROUP_NAME
OPT_OUT_GROUPS,UPDATED_BY
OPT_OUT_GROUPS,UPDATED_ON
OPT_OUT_REQUESTS,CREATED_ON
OPT_OUT_REQUESTS,EMAIL
OPT_OUT_REQUESTS,OPT_OUT_GRP_ID
OPT_OUT_REQUESTS,TOKEN
OPT_OUT_REQUESTS,UPDATED_ON
ORDERS_PROMOS,CREATED_ON
ORDERS_PROMOS,INSTANCE_ID
ORDERS_PROMOS,ORDER_ID
ORDERS_PROMOS,UPDATED_ON
ORDER_NUMBERS,APP_ALIAS
ORDER_NUMBERS,CREATED_ON
ORDER_NUMBERS,UPDATED_ON
ORDER_STAGGERED_PAYMENTS,ADDL_AMOUNT_IN_CENTS
ORDER_STAGGERED_PAYMENTS,RAW_AMOUNT_IN_CENTS
PERFORMANCE_LOG,APP_ID
PERFORMANCE_LOG,CONNECT_TIME
PERFORMANCE_LOG,LOG_DATETIME
PERFORMANCE_LOG,PROCESS_TIME
PERFORMANCE_LOG,REQUEST_TIME
PERFORMANCE_LOG,RESPONSE_TIME
PERFORMANCE_LOG,TOTAL_TIME
PERFORMANCE_LOG,USER_NAME
PERSONS,UPDATED_ON
PERSONS_CARDS,ACTIVE
PERSONS_CARDS,CREATED_ON
PERSONS_CARDS,PERSON_ID
PERSONS_CARDS,UPDATED_ON
PERSONS_CARDS_ALTERNATE,CREATED_ON
PERSONS_CARDS_ALTERNATE,UPDATED_ON
PERSONS_DISCOUNTS_ELIGIBLE,CREATED_BY
PERSONS_DISCOUNTS_ELIGIBLE,CREATED_ON
PERSONS_DISCOUNTS_ELIGIBLE,DISCOUNT_ID
PERSONS_DISCOUNTS_ELIGIBLE,PERSON_ID
PERSONS_DISCOUNTS_ELIGIBLE,SEASON
PERSONS_DISCOUNTS_ELIGIBLE,UPDATED_BY
PERSONS_DISCOUNTS_ELIGIBLE,UPDATED_ON
PERSONS_EVENTS,CREATED_BY
PERSONS_EVENTS,CREATED_ON
PERSONS_EVENTS,EVENT_ID
PERSONS_EVENTS,PERSON_ID
PERSONS_EVENTS,UPDATED_BY
PERSONS_EVENTS,UPDATED_ON
PERSONS_MEMBERSHIPS,CREATED_ON
PERSONS_MEMBERSHIPS,UPDATED_ON
PERSONS_NOTIFICATION_PREFERENCES,NOTIFICATION_EVENT
PERSONS_NOTIFICATION_PREFERENCES,NOTIFICATION_METHOD
PERSONS_NOTIFICATION_PREFERENCES,PERSON_ID
PERSONS_TAGS,CREATED_BY
PERSONS_TAGS,CREATED_ON
PERSONS_TAGS,PERSON_ID
PERSONS_TAGS,TAG_ID
PERSONS_TAGS,UPDATED_BY
PERSONS_TAGS,UPDATED_ON
PERSONS_TO_DELETE,MERGED_INTO
PERSONS_TO_DELETE,PERSON_ID
PERSON_RELATIONSHIPS,A
PERSON_RELATIONSHIPS,B
PERSON_RELATIONSHIPS,CREATED_ON
PERSON_RELATIONSHIPS,TYPE_ID
PERSON_RELATIONSHIPS,UPDATED_ON
PERSON_RELATIONSHIP_TYPES,A_TITLE
PERSON_RELATIONSHIP_TYPES,B_TITLE
PERSON_RELATIONSHIP_TYPES,CREATED_BY
PERSON_RELATIONSHIP_TYPES,CREATED_ON
PERSON_RELATIONSHIP_TYPES,UPDATED_BY
PERSON_RELATIONSHIP_TYPES,UPDATED_ON
PERSON_TYPES,CREATED_ON
PERSON_TYPES,DISPLAY_ORDER
PERSON_TYPES,TYPE_NAME
PERSON_TYPES,UPDATED_ON
PERSON_TYPES_FIELDS,CREATED_BY
PERSON_TYPES_FIELDS,CREATED_ON
PERSON_TYPES_FIELDS,ITEM_NAME
PERSON_TYPES_FIELDS,TYPE_ID
PERSON_TYPES_FIELDS,UPDATED_BY
PERSON_TYPES_FIELDS,UPDATED_ON
PREFERENCES,CREATED_BY
PREFERENCES,CREATED_ON
PREFERENCES,DATA_TYPE
PREFERENCES,PREF_DESCRIPTION
PREFERENCES,UPDATED_BY
PREFERENCES,UPDATED_ON
PROGRAM_TYPES,COLOR_DISPLAY
PROGRAM_TYPES,CREATED_ON
PROGRAM_TYPES,DISPLAY_ORDER
PROGRAM_TYPES,UPDATED_BY
PROGRAM_TYPES,UPDATED_ON
PROMOTIONS,CREATED_BY
PROMOTIONS,CREATED_ON
PROMOTIONS,UPDATED_BY
PROMOTIONS,UPDATED_ON
RATINGS,CREATED_BY
RATINGS,CREATED_ON
RATINGS,DISPLAY_ORDER
RATINGS,RATING_CATEGORY
RATINGS,RATING_NAME
RATINGS,UPDATED_BY
RATINGS,UPDATED_ON
RATINGS_PROGRAMS,CREATED_BY
RATINGS_PROGRAMS,CREATED_ON
RATINGS_PROGRAMS,PROGRAM_ID
RATINGS_PROGRAMS,RATING_ID
RATINGS_PROGRAMS,UPDATED_BY
RATINGS_PROGRAMS,UPDATED_ON
RATING_CHANGES,ACTION
RATING_CHANGES,CREATED_ON
RA_CZ,CREATED_BY
RA_CZ,CREATED_ON
RA_CZ,EVENT_DATETIME
RA_CZ,RA_CZ
RA_CZ,UPDATED_BY
RA_CZ,UPDATED_ON
RESET_PW_REQS,CREATED_ON
RESET_PW_REQS,EMAIL
RESET_PW_REQS,UPDATED_ON
RESTRICTIONS,CREATED_BY
RESTRICTIONS,CREATED_ON
RESTRICTIONS,RESTRICTION_TEXT
RESTRICTIONS,UPDATED_BY
RESTRICTIONS,UPDATED_ON
SENDGRID_SUPPRESSION_ACTIVITY,EMAIL
SENDGRID_SUPPRESSION_ACTIVITY,OCCURRED_DATETIME
SENDGRID_SUPPRESSION_ACTIVITY,REASON
SENDGRID_SUPPRESSION_ACTIVITY,STATUS
SENDGRID_SUPPRESSION_ACTIVITY,TYPE
SESSION_BLACKLIST,BLACKLIST_DATETIME
SESSION_BLACKLIST,SESSION_ID
SESSION_KEYS,APEX_SESSION
SESSION_KEYS,CREATED_BY
SESSION_KEYS,CREATED_ON
SESSION_KEYS,REMOTE_KEY
SESSION_KEYS,UPDATED_BY
SESSION_KEYS,UPDATED_ON
SESSION_KEYS,USERNAME
SHOPPING_CART_DONATIONS,CREATED_ON
SHOPPING_CART_DONATIONS,UPDATED_ON
SHOPPING_CART_GCS,CREATED_ON
SHOPPING_CART_GCS,UPDATED_ON
SHOPPING_CART_GUEST_PRIVS,CREATED_ON
SHOPPING_CART_GUEST_PRIVS,UPDATED_ON
SHOPPING_CART_JPC,CREATED_BY
SHOPPING_CART_JPC,CREATED_ON
SHOPPING_CART_JPC,UPDATED_BY
SHOPPING_CART_JPC,UPDATED_ON
SHOPPING_CART_MEMBERSHIPS,CREATED_ON
SHOPPING_CART_MEMBERSHIPS,UPDATED_ON
SHOPPING_CART_MEMBERSHIPS_ARCH,CREATED_ON
SHOPPING_CART_MEMBERSHIPS_ARCH,UPDATED_ON
SHOPPING_CART_WAIVERS,CREATED_ON
SHOPPING_CART_WAIVERS,UPDATED_ON
SIGNOUTS,CREATED_BY
SIGNOUTS,UPDATED_ON
SIGNOUTS_DEBUG,CREATED_BY
SIGNOUTS_DEBUG,CREATED_ON
SIGNOUTS_DEBUG,UPDATED_BY
SIGNOUTS_DEBUG,UPDATED_ON
SIGNOUTS_TESTS,CREATED_BY
SIGNOUTS_TESTS,CREATED_ON
SIGNOUTS_TESTS,UPDATED_BY
SIGNOUTS_TESTS,UPDATED_ON
SIGNOUT_CREW,CREATED_BY
SPECIAL_NEEDS,CREATED_BY
SPECIAL_NEEDS,CREATED_ON
SPECIAL_NEEDS,UPDATED_BY
SPECIAL_NEEDS,UPDATED_ON
STATES,ABBREV
STATES,STATE_NAME
STRIPE_TOKENS,CREATED_DATETIME
STRIPE_TOKENS,TOKEN
SUNSETS,SUNSET_DATETIME
SWIM_PROOF_METHODS,ACTIVE
SWIM_PROOF_METHODS,CREATED_BY
SWIM_PROOF_METHODS,CREATED_ON
SWIM_PROOF_METHODS,DISPLAY_ORDER
SWIM_PROOF_METHODS,UPDATED_BY
SWIM_PROOF_METHODS,UPDATED_ON
SYMON_SCHEDULE,FREQ_DAYS
SYMON_SCHEDULE,HOST_NAME
SYMON_SCHEDULE,PROGRAM_NAME
SYMON_SCHEDULE,SYMON_VERSION
TABLE_INFO,TABLE_NAME
TAGS,CREATED_BY
TAGS,CREATED_ON
TAGS,TAG_NAME
TAGS,UPDATED_ON
TEXT_FILES,CREATED_BY
TEXT_FILES,CREATED_ON
TEXT_FILES,UPDATED_BY
TEXT_FILES,UPDATED_ON
UAP_COMMENTS,CREATED_BY
UAP_COMMENTS,CREATED_ON
UAP_COMMENTS,UAP_COMMENT
UAP_COMMENTS,UPDATED_BY
UAP_COMMENTS,UPDATED_ON
UAP_GROUPS,CREATED_BY
UAP_GROUPS,CREATED_ON
UAP_GROUPS,UPDATED_BY
UAP_GROUPS,UPDATED_ON
UAP_GROUP_PRICES,CREATED_BY
UAP_GROUP_PRICES,CREATED_ON
UAP_GROUP_PRICES,UPDATED_BY
UAP_GROUP_PRICES,UPDATED_ON
USERS,CREATED_ON
USERS,NAME_FIRST
USERS,NAME_LAST
USERS,PW_HASH
USERS,UPDATED_ON
USERS_PREFERENCES,CREATED_BY
USERS_PREFERENCES,CREATED_ON
USERS_PREFERENCES,PREF_ID
USERS_PREFERENCES,UPDATED_BY
USERS_PREFERENCES,UPDATED_ON
USERS_PREFERENCES,USER_ID
USERS_ROLES,ROLE_ID
USERS_ROLES,USER_ID
WIKI_ENTRIES,APP
WIKI_ENTRIES,CREATED_BY
WIKI_ENTRIES,CREATED_ON
WIKI_ENTRIES,PAGE
WIKI_ENTRIES,UPDATED_BY
WIKI_ENTRIES,UPDATED_ON
YEARLY_DATES,ITEM_ID
YEARLY_DATES,START_DATE
YEARLY_DATES,UPDATED_BY
YEARLY_DATES,UPDATED_ON
YEARLY_DATES,YEAR
YEARLY_DATE_ITEMS,ITEM_ALIAS
YEARLY_DATE_ITEMS,ITEM_DESCRIPTION
YEARLY_DATE_ITEMS,UPDATED_BY
YEARLY_DATE_ITEMS,UPDATED_ON
